speed,Nordex_N131_3000
0,0
0.01,0
0.02,0
0.03,0
0.04,0
0.05,0
0.06,0
0.07,0
0.08,0
0.09,0
0.1,0
0.11,0
0.12,0
0.13,0
0.14,0
0.15,0
0.16,0
0.17,0
0.18,0
0.19,0
0.2,0
0.21,0
0.22,0
0.23,0
0.24,0
0.25,0
0.26,0
0.27,0
0.28,0
0.29,0
0.3,0
0.31,0
0.32,0
0.33,0
0.34,0
0.35,0
0.36,0
0.37,0
0.38,0
0.39,0
0.4,0
0.41,0
0.42,0
0.43,0
0.44,0
0.45,0
0.46,0
0.47,0
0.48,0
0.49,0
0.5,0
0.51,0
0.52,0
0.53,0
0.54,0
0.55,0
0.56,0
0.57,0
0.58,0
0.59,0
0.6,0
0.61,0
0.62,0
0.63,0
0.64,0
0.65,0
0.66,0
0.67,0
0.68,0
0.69,0
0.7,0
0.71,0
0.72,0
0.73,0
0.74,0
0.75,0
0.76,0
0.77,0
0.78,0
0.79,0
0.8,0
0.81,0
0.82,0
0.83,0
0.84,0
0.85,0
0.86,0
0.87,0
0.88,0
0.89,0
0.9,0
0.91,0
0.92,0
0.93,0
0.94,0
0.95,0
0.96,0
0.97,0
0.98,0
0.99,0
1,0
1.01,0
1.02,0
1.03,0
1.04,0
1.05,0
1.06,0
1.07,0
1.08,0
1.09,0
1.1,0
1.11,0
1.12,0
1.13,0
1.14,0
1.15,0
1.16,0
1.17,0
1.18,0
1.19,0
1.2,0
1.21,0
1.22,0
1.23,0
1.24,0
1.25,0
1.26,0
1.27,0
1.28,0
1.29,0
1.3,0
1.31,0
1.32,0
1.33,0
1.34,0
1.35,0
1.36,0
1.37,0
1.38,0
1.39,0
1.4,0
1.41,0
1.42,0
1.43,0
1.44,0
1.45,0
1.46,0
1.47,0
1.48,0
1.49,0
1.5,0
1.51,0
1.52,0
1.53,0
1.54,0
1.55,0
1.56,0
1.57,0
1.58,0
1.59,0
1.6,0
1.61,0
1.62,0
1.63,0
1.64,0
1.65,0
1.66,0
1.67,0
1.68,0
1.69,0
1.7,0
1.71,0
1.72,0
1.73,0
1.74,0
1.75,0
1.76,0
1.77,0
1.78,0
1.79,0
1.8,0
1.81,0
1.82,0
1.83,0
1.84,0
1.85,0
1.86,0
1.87,0
1.88,0
1.89,0
1.9,0
1.91,0
1.92,0
1.93,0
1.94,0
1.95,0
1.96,0
1.97,0
1.98,0
1.99,0
2,0
2.01,0
2.02,0
2.03,0
2.04,0
2.05,0
2.06,0
2.07,0
2.08,0
2.09,0
2.1,0
2.11,0
2.12,0
2.13,0
2.14,0
2.15,0
2.16,0
2.17,0
2.18,0
2.19,0
2.2,0
2.21,0
2.22,0
2.23,0
2.24,0
2.25,0
2.26,0
2.27,0
2.28,0
2.29,0
2.3,0
2.31,0
2.32,0
2.33,0
2.34,0
2.35,0
2.36,0
2.37,0
2.38,0
2.39,0
2.4,0
2.41,0
2.42,0
2.43,0
2.44,0
2.45,0
2.46,0
2.47,0
2.48,0
2.49,0
2.5,0
2.51,0
2.52,0.000170032
2.53,0.000263327
2.54,0.00036215
2.55,0.000466509
2.56,0.000576408
2.57,0.000691856
2.58,0.000812859
2.59,0.000939424
2.6,0.001071558
2.61,0.001209266
2.62,0.001352556
2.63,0.001501435
2.64,0.001655909
2.65,0.001815985
2.66,0.00198167
2.67,0.00215297
2.68,0.002329893
2.69,0.002512444
2.7,0.00270063
2.71,0.002894459
2.72,0.003093937
2.73,0.00329907
2.74,0.003509866
2.75,0.00372633
2.76,0.003948471
2.77,0.004176294
2.78,0.004409806
2.79,0.004649014
2.8,0.004893924
2.81,0.005144544
2.82,0.00540088
2.83,0.005662938
2.84,0.005930726
2.85,0.00620425
2.86,0.006483516
2.87,0.006768533
2.88,0.007059305
2.89,0.00735584
2.9,0.007658145
2.91,0.007966227
2.92,0.008280091
2.93,0.008599745
2.94,0.008925196
2.95,0.009256449
2.96,0.009593513
2.97,0.009936393
2.98,0.010285096
2.99,0.01063963
3,0.011
3.01,0.011366198
3.02,0.011738153
3.03,0.012115778
3.04,0.012498987
3.05,0.012887694
3.06,0.013281811
3.07,0.013681253
3.08,0.014085933
3.09,0.014495764
3.1,0.01491066
3.11,0.015330534
3.12,0.0157553
3.13,0.016184872
3.14,0.016619162
3.15,0.017058085
3.16,0.017501554
3.17,0.017949482
3.18,0.018401783
3.19,0.01885837
3.2,0.019319158
3.21,0.019784058
3.22,0.020252986
3.23,0.020725854
3.24,0.021202575
3.25,0.021683064
3.26,0.022167234
3.27,0.022654999
3.28,0.023146271
3.29,0.023640964
3.3,0.024138992
3.31,0.024640269
3.32,0.025144708
3.33,0.025652222
3.34,0.026162724
3.35,0.026676129
3.36,0.02719235
3.37,0.027711301
3.38,0.028232894
3.39,0.028757043
3.4,0.029283663
3.41,0.029812665
3.42,0.030343965
3.43,0.030877475
3.44,0.031413108
3.45,0.031950779
3.46,0.032490401
3.47,0.033031887
3.48,0.033575151
3.49,0.034120107
3.5,0.034666667
3.51,0.035214765
3.52,0.035764418
3.53,0.036315659
3.54,0.036868525
3.55,0.03742305
3.56,0.03797927
3.57,0.03853722
3.58,0.039096935
3.59,0.039658451
3.6,0.040221803
3.61,0.040787027
3.62,0.041354157
3.63,0.041923229
3.64,0.042494278
3.65,0.04306734
3.66,0.04364245
3.67,0.044219642
3.68,0.044798953
3.69,0.045380418
3.7,0.045964072
3.71,0.04654995
3.72,0.047138088
3.73,0.047728521
3.74,0.048321284
3.75,0.048916412
3.76,0.049513941
3.77,0.050113907
3.78,0.050716344
3.79,0.051321287
3.8,0.051928773
3.81,0.052538835
3.82,0.053151511
3.83,0.053766834
3.84,0.054384841
3.85,0.055005566
3.86,0.055629045
3.87,0.056255313
3.88,0.056884405
3.89,0.057516357
3.9,0.058151204
3.91,0.058788982
3.92,0.059429725
3.93,0.060073469
3.94,0.060720249
3.95,0.0613701
3.96,0.062023059
3.97,0.062679159
3.98,0.063338437
3.99,0.064000928
4,0.064666667
4.01,0.065335682
4.02,0.066007973
4.03,0.066683535
4.04,0.067362359
4.05,0.068044441
4.06,0.068729772
4.07,0.069418346
4.08,0.070110156
4.09,0.070805197
4.1,0.07150346
4.11,0.07220494
4.12,0.072909629
4.13,0.073617521
4.14,0.07432861
4.15,0.075042888
4.16,0.075760349
4.17,0.076480986
4.18,0.077204792
4.19,0.077931762
4.2,0.078661887
4.21,0.079395162
4.22,0.080131579
4.23,0.080871132
4.24,0.081613815
4.25,0.08235962
4.26,0.083108541
4.27,0.083860572
4.28,0.084615704
4.29,0.085373933
4.3,0.08613525
4.31,0.08689965
4.32,0.087667126
4.33,0.088437671
4.34,0.089211278
4.35,0.089987941
4.36,0.090767652
4.37,0.091550406
4.38,0.092336195
4.39,0.093125014
4.4,0.093916854
4.41,0.094711709
4.42,0.095509574
4.43,0.09631044
4.44,0.097114302
4.45,0.097921153
4.46,0.098730985
4.47,0.099543793
4.48,0.100359569
4.49,0.101178307
4.5,0.102
4.51,0.102824647
4.52,0.103652265
4.53,0.104482879
4.54,0.105316512
4.55,0.106153188
4.56,0.106992929
4.57,0.10783576
4.58,0.108681703
4.59,0.109530783
4.6,0.110383023
4.61,0.111238446
4.62,0.112097076
4.63,0.112958936
4.64,0.113824051
4.65,0.114692442
4.66,0.115564134
4.67,0.11643915
4.68,0.117317515
4.69,0.11819925
4.7,0.11908438
4.71,0.119972928
4.72,0.120864919
4.73,0.121760374
4.74,0.122659318
4.75,0.123561774
4.76,0.124467766
4.77,0.125377316
4.78,0.12629045
4.79,0.12720719
4.8,0.128127559
4.81,0.129051581
4.82,0.12997928
4.83,0.130910679
4.84,0.131845802
4.85,0.132784671
4.86,0.133727312
4.87,0.134673746
4.88,0.135623997
4.89,0.13657809
4.9,0.137536047
4.91,0.138497893
4.92,0.139463649
4.93,0.140433341
4.94,0.141406991
4.95,0.142384623
4.96,0.14336626
4.97,0.144351926
4.98,0.145341645
4.99,0.146335439
5,0.147333333
5.01,0.148335345
5.02,0.149341472
5.03,0.150351708
5.04,0.151366044
5.05,0.152384475
5.06,0.153406992
5.07,0.154433588
5.08,0.155464257
5.09,0.15649899
5.1,0.157537781
5.11,0.158580622
5.12,0.159627506
5.13,0.160678426
5.14,0.161733375
5.15,0.162792345
5.16,0.163855329
5.17,0.164922319
5.18,0.165993309
5.19,0.167068292
5.2,0.168147259
5.21,0.169230205
5.22,0.17031712
5.23,0.171407999
5.24,0.172502834
5.25,0.173601618
5.26,0.174704343
5.27,0.175811003
5.28,0.176921589
5.29,0.178036095
5.3,0.179154514
5.31,0.180276838
5.32,0.18140306
5.33,0.182533172
5.34,0.183667168
5.35,0.18480504
5.36,0.185946781
5.37,0.187092384
5.38,0.188241841
5.39,0.189395146
5.4,0.19055229
5.41,0.191713267
5.42,0.19287807
5.43,0.19404669
5.44,0.195219122
5.45,0.196395357
5.46,0.197575388
5.47,0.198759209
5.48,0.199946812
5.49,0.201138189
5.5,0.202333333
5.51,0.203532243
5.52,0.204734934
5.53,0.205941428
5.54,0.207151747
5.55,0.208365913
5.56,0.209583946
5.57,0.210805868
5.58,0.212031701
5.59,0.213261467
5.6,0.214495187
5.61,0.215732882
5.62,0.216974573
5.63,0.218220284
5.64,0.219470034
5.65,0.220723846
5.66,0.221981741
5.67,0.223243741
5.68,0.224509867
5.69,0.22578014
5.7,0.227054583
5.71,0.228333216
5.72,0.229616062
5.73,0.230903141
5.74,0.232194476
5.75,0.233490088
5.76,0.234789998
5.77,0.236094228
5.78,0.237402799
5.79,0.238715733
5.8,0.240033052
5.81,0.241354777
5.82,0.24268093
5.83,0.244011531
5.84,0.245346604
5.85,0.246686168
5.86,0.248030246
5.87,0.249378859
5.88,0.250732029
5.89,0.252089778
5.9,0.253452126
5.91,0.254819095
5.92,0.256190708
5.93,0.257566984
5.94,0.258947947
5.95,0.260333617
5.96,0.261724016
5.97,0.263119166
5.98,0.264519088
5.99,0.265923803
6,0.267333333
6.01,0.268747697
6.02,0.270166898
6.03,0.271590939
6.04,0.273019819
6.05,0.274453541
6.06,0.275892105
6.07,0.277335512
6.08,0.278783764
6.09,0.280236862
6.1,0.281694806
6.11,0.283157599
6.12,0.28462524
6.13,0.286097732
6.14,0.287575075
6.15,0.289057271
6.16,0.29054432
6.17,0.292036224
6.18,0.293532984
6.19,0.295034601
6.2,0.296541076
6.21,0.298052411
6.22,0.299568606
6.23,0.301089662
6.24,0.302615581
6.25,0.304146365
6.26,0.305682013
6.27,0.307222527
6.28,0.308767908
6.29,0.310318158
6.3,0.311873277
6.31,0.313433267
6.32,0.314998128
6.33,0.316567863
6.34,0.318142471
6.35,0.319721955
6.36,0.321306315
6.37,0.322895552
6.38,0.324489668
6.39,0.326088664
6.4,0.32769254
6.41,0.329301299
6.42,0.33091494
6.43,0.332533466
6.44,0.334156877
6.45,0.335785175
6.46,0.33741836
6.47,0.339056434
6.48,0.340699398
6.49,0.342347253
6.5,0.344
6.51,0.345657638
6.52,0.34732016
6.53,0.348987555
6.54,0.350659813
6.55,0.352336924
6.56,0.354018878
6.57,0.355705665
6.58,0.357397275
6.59,0.359093697
6.6,0.360794922
6.61,0.36250094
6.62,0.364211741
6.63,0.365927314
6.64,0.36764765
6.65,0.369372738
6.66,0.371102568
6.67,0.372837131
6.68,0.374576416
6.69,0.376320413
6.7,0.378069112
6.71,0.379822503
6.72,0.381580576
6.73,0.383343322
6.74,0.385110729
6.75,0.386882788
6.76,0.388659488
6.77,0.39044082
6.78,0.392226774
6.79,0.39401734
6.8,0.395812507
6.81,0.397612265
6.82,0.399416605
6.83,0.401225516
6.84,0.403038989
6.85,0.404857012
6.86,0.406679577
6.87,0.408506673
6.88,0.410338289
6.89,0.412174417
6.9,0.414015046
6.91,0.415860165
6.92,0.417709765
6.93,0.419563836
6.94,0.421422368
6.95,0.42328535
6.96,0.425152772
6.97,0.427024625
6.98,0.428900899
6.99,0.430781583
7,0.432666667
7.01,0.434556136
7.02,0.436449954
7.03,0.438348081
7.04,0.440250476
7.05,0.442157097
7.06,0.444067903
7.07,0.445982855
7.08,0.447901911
7.09,0.44982503
7.1,0.451752171
7.11,0.453683293
7.12,0.455618356
7.13,0.457557319
7.14,0.45950014
7.15,0.461446779
7.16,0.463397195
7.17,0.465351346
7.18,0.467309193
7.19,0.469270695
7.2,0.471235809
7.21,0.473204496
7.22,0.475176715
7.23,0.477152425
7.24,0.479131584
7.25,0.481114152
7.26,0.483100088
7.27,0.485089351
7.28,0.487081901
7.29,0.489077696
7.3,0.491076696
7.31,0.493078859
7.32,0.495084145
7.33,0.497092512
7.34,0.499103921
7.35,0.50111833
7.36,0.503135698
7.37,0.505155984
7.38,0.507179148
7.39,0.509205148
7.4,0.511233944
7.41,0.513265494
7.42,0.515299759
7.43,0.517336696
7.44,0.519376265
7.45,0.521418426
7.46,0.523463137
7.47,0.525510358
7.48,0.527560047
7.49,0.529612163
7.5,0.531666667
7.51,0.53372353
7.52,0.535782786
7.53,0.537844478
7.54,0.539908653
7.55,0.541975356
7.56,0.544044634
7.57,0.54611653
7.58,0.548191092
7.59,0.550268365
7.6,0.552348394
7.61,0.554431225
7.62,0.556516904
7.63,0.558605475
7.64,0.560696986
7.65,0.562791481
7.66,0.564889006
7.67,0.566989606
7.68,0.569093328
7.69,0.571200217
7.7,0.573310317
7.71,0.575423676
7.72,0.577540339
7.73,0.579660351
7.74,0.581783758
7.75,0.583910605
7.76,0.586040938
7.77,0.588174803
7.78,0.590312245
7.79,0.59245331
7.8,0.594598044
7.81,0.596746491
7.82,0.598898699
7.83,0.601054711
7.84,0.603214575
7.85,0.605378335
7.86,0.607546037
7.87,0.609717727
7.88,0.611893451
7.89,0.614073253
7.9,0.61625718
7.91,0.618445277
7.92,0.62063759
7.93,0.622834164
7.94,0.625035045
7.95,0.627240279
7.96,0.629449911
7.97,0.631663987
7.98,0.633882552
7.99,0.636105652
8,0.638333333
8.01,0.640565588
8.02,0.642802199
8.03,0.645042898
8.04,0.647287414
8.05,0.649535478
8.06,0.651786821
8.07,0.654041172
8.08,0.656298264
8.09,0.658557825
8.1,0.660819586
8.11,0.663083278
8.12,0.665348632
8.13,0.667615377
8.14,0.669883244
8.15,0.672151965
8.16,0.674421268
8.17,0.676690885
8.18,0.678960545
8.19,0.681229981
8.2,0.683498921
8.21,0.685767097
8.22,0.688034238
8.23,0.690300076
8.24,0.69256434
8.25,0.694826762
8.26,0.697087072
8.27,0.699345
8.28,0.701600276
8.29,0.703852631
8.3,0.706101796
8.31,0.708347501
8.32,0.710589476
8.33,0.712827453
8.34,0.71506116
8.35,0.71729033
8.36,0.719514691
8.37,0.721733976
8.38,0.723947913
8.39,0.726156234
8.4,0.72835867
8.41,0.73055495
8.42,0.732744805
8.43,0.734927965
8.44,0.737104161
8.45,0.739273124
8.46,0.741434584
8.47,0.743588271
8.48,0.745733915
8.49,0.747871248
8.5,0.75
8.51,0.752119939
8.52,0.754230988
8.53,0.756333107
8.54,0.758426257
8.55,0.760510398
8.56,0.762585492
8.57,0.764651497
8.58,0.766708376
8.59,0.768756089
8.6,0.770794595
8.61,0.772823857
8.62,0.774843833
8.63,0.776854486
8.64,0.778855775
8.65,0.780847661
8.66,0.782830105
8.67,0.784803066
8.68,0.786766507
8.69,0.788720386
8.7,0.790664666
8.71,0.792599305
8.72,0.794524266
8.73,0.796439508
8.74,0.798344993
8.75,0.800240679
8.76,0.802126529
8.77,0.804002503
8.78,0.805868561
8.79,0.807724664
8.8,0.809570772
8.81,0.811406846
8.82,0.813232847
8.83,0.815048734
8.84,0.81685447
8.85,0.818650013
8.86,0.820435326
8.87,0.822210368
8.88,0.823975099
8.89,0.825729481
8.9,0.827473474
8.91,0.829207039
8.92,0.830930136
8.93,0.832642725
8.94,0.834344768
8.95,0.836036224
8.96,0.837717055
8.97,0.839387221
8.98,0.841046682
8.99,0.842695399
9,0.844333333
9.01,0.845960458
9.02,0.847576804
9.03,0.849182413
9.04,0.850777329
9.05,0.852361596
9.06,0.853935256
9.07,0.855498353
9.08,0.857050931
9.09,0.858593032
9.1,0.8601247
9.11,0.861645978
9.12,0.863156909
9.13,0.864657538
9.14,0.866147906
9.15,0.867628058
9.16,0.869098036
9.17,0.870557885
9.18,0.872007646
9.19,0.873447365
9.2,0.874877083
9.21,0.876296844
9.22,0.877706692
9.23,0.87910667
9.24,0.88049682
9.25,0.881877187
9.26,0.883247814
9.27,0.884608743
9.28,0.885960019
9.29,0.887301685
9.3,0.888633783
9.31,0.889956358
9.32,0.891269452
9.33,0.892573108
9.34,0.893867371
9.35,0.895152283
9.36,0.896427888
9.37,0.897694229
9.38,0.898951349
9.39,0.900199291
9.4,0.9014381
9.41,0.902667818
9.42,0.903888488
9.43,0.905100154
9.44,0.906302859
9.45,0.907496646
9.46,0.908681559
9.47,0.909857641
9.48,0.911024935
9.49,0.912183485
9.5,0.913333333
9.51,0.914474521
9.52,0.915607078
9.53,0.916731029
9.54,0.9178464
9.55,0.918953219
9.56,0.920051512
9.57,0.921141304
9.58,0.922222622
9.59,0.923295492
9.6,0.92435994
9.61,0.925415993
9.62,0.926463676
9.63,0.927503017
9.64,0.928534041
9.65,0.929556774
9.66,0.930571243
9.67,0.931577475
9.68,0.932575494
9.69,0.933565328
9.7,0.934547003
9.71,0.935520544
9.72,0.936485979
9.73,0.937443334
9.74,0.938392634
9.75,0.939333905
9.76,0.940267176
9.77,0.94119247
9.78,0.942109815
9.79,0.943019237
9.8,0.943920762
9.81,0.944814417
9.82,0.945700227
9.83,0.946578219
9.84,0.947448419
9.85,0.948310854
9.86,0.949165549
9.87,0.950012531
9.88,0.950851825
9.89,0.95168346
9.9,0.952507459
9.91,0.953323851
9.92,0.95413266
9.93,0.954933914
9.94,0.955727638
9.95,0.956513859
9.96,0.957292603
9.97,0.958063896
9.98,0.958827765
9.99,0.959584235
10,0.960333333
10.01,0.961075081
10.02,0.961809478
10.03,0.962536521
10.04,0.963256205
10.05,0.963968526
10.06,0.964673481
10.07,0.965371064
10.08,0.966061271
10.09,0.966744098
10.1,0.967419541
10.11,0.968087596
10.12,0.968748258
10.13,0.969401523
10.14,0.970047387
10.15,0.970685846
10.16,0.971316894
10.17,0.971940529
10.18,0.972556745
10.19,0.973165539
10.2,0.973766906
10.21,0.974360842
10.22,0.974947343
10.23,0.975526404
10.24,0.976098022
10.25,0.976662191
10.26,0.977218908
10.27,0.977768168
10.28,0.978309968
10.29,0.978844302
10.3,0.979371167
10.31,0.979890558
10.32,0.980402472
10.33,0.980906903
10.34,0.981403848
10.35,0.981893302
10.36,0.982375261
10.37,0.982849721
10.38,0.983316678
10.39,0.983776126
10.4,0.984228063
10.41,0.984672484
10.42,0.985109383
10.43,0.985538759
10.44,0.985960605
10.45,0.986374918
10.46,0.986781693
10.47,0.987180926
10.48,0.987572614
10.49,0.987956751
10.5,0.988333333
10.51,0.988702369
10.52,0.989063917
10.53,0.989418048
10.54,0.989764833
10.55,0.990104341
10.56,0.990436645
10.57,0.990761815
10.58,0.991079921
10.59,0.991391035
10.6,0.991695228
10.61,0.991992569
10.62,0.992283131
10.63,0.992566983
10.64,0.992844197
10.65,0.993114844
10.66,0.993378993
10.67,0.993636716
10.68,0.993888085
10.69,0.994133169
10.7,0.994372039
10.71,0.994604766
10.72,0.994831422
10.73,0.995052076
10.74,0.9952668
10.75,0.995475664
10.76,0.995678739
10.77,0.995876097
10.78,0.996067807
10.79,0.996253941
10.8,0.996434569
10.81,0.996609763
10.82,0.996779592
10.83,0.996944129
10.84,0.997103443
10.85,0.997257605
10.86,0.997406687
10.87,0.997550758
10.88,0.997689891
10.89,0.997824155
10.9,0.997953622
10.91,0.998078362
10.92,0.998198446
10.93,0.998313945
10.94,0.998424929
10.95,0.99853147
10.96,0.998633638
10.97,0.998731505
10.98,0.99882514
10.99,0.998914615
11,0.999
11.01,0.99908137
11.02,0.99915881
11.03,0.999232409
11.04,0.999302257
11.05,0.999368442
11.06,0.999431054
11.07,0.999490181
11.08,0.999545913
11.09,0.999598339
11.1,0.999647547
11.11,0.999693628
11.12,0.999736669
11.13,0.999776759
11.14,0.999813989
11.15,0.999848447
11.16,0.999880222
11.17,1
11.18,1
11.19,1
11.2,1
11.21,1
11.22,1
11.23,1
11.24,1
11.25,1
11.26,1
11.27,1
11.28,1
11.29,1
11.3,1
11.31,1
11.32,1
11.33,1
11.34,1
11.35,1
11.36,1
11.37,1
11.38,1
11.39,1
11.4,1
11.41,1
11.42,1
11.43,1
11.44,1
11.45,1
11.46,1
11.47,1
11.48,1
11.49,1
11.5,1
11.51,1
11.52,1
11.53,1
11.54,1
11.55,1
11.56,1
11.57,1
11.58,1
11.59,1
11.6,1
11.61,1
11.62,1
11.63,1
11.64,1
11.65,1
11.66,1
11.67,1
11.68,1
11.69,1
11.7,1
11.71,1
11.72,1
11.73,1
11.74,1
11.75,1
11.76,1
11.77,1
11.78,1
11.79,1
11.8,1
11.81,1
11.82,1
11.83,1
11.84,1
11.85,1
11.86,1
11.87,1
11.88,1
11.89,1
11.9,1
11.91,1
11.92,1
11.93,1
11.94,1
11.95,1
11.96,1
11.97,1
11.98,1
11.99,1
12,1
12.01,1
12.02,1
12.03,1
12.04,1
12.05,1
12.06,1
12.07,1
12.08,1
12.09,1
12.1,1
12.11,1
12.12,1
12.13,1
12.14,1
12.15,1
12.16,1
12.17,1
12.18,1
12.19,1
12.2,1
12.21,1
12.22,1
12.23,1
12.24,1
12.25,1
12.26,1
12.27,1
12.28,1
12.29,1
12.3,1
12.31,1
12.32,1
12.33,1
12.34,1
12.35,1
12.36,1
12.37,1
12.38,1
12.39,1
12.4,1
12.41,1
12.42,1
12.43,1
12.44,1
12.45,1
12.46,1
12.47,1
12.48,1
12.49,1
12.5,1
12.51,1
12.52,1
12.53,1
12.54,1
12.55,1
12.56,1
12.57,1
12.58,1
12.59,1
12.6,1
12.61,1
12.62,1
12.63,1
12.64,1
12.65,1
12.66,1
12.67,1
12.68,1
12.69,1
12.7,1
12.71,1
12.72,1
12.73,1
12.74,1
12.75,1
12.76,1
12.77,1
12.78,1
12.79,1
12.8,1
12.81,1
12.82,1
12.83,1
12.84,1
12.85,1
12.86,1
12.87,1
12.88,1
12.89,1
12.9,1
12.91,1
12.92,1
12.93,1
12.94,1
12.95,1
12.96,1
12.97,1
12.98,1
12.99,1
13,1
13.01,1
13.02,1
13.03,1
13.04,1
13.05,1
13.06,1
13.07,1
13.08,1
13.09,1
13.1,1
13.11,1
13.12,1
13.13,1
13.14,1
13.15,1
13.16,1
13.17,1
13.18,1
13.19,1
13.2,1
13.21,1
13.22,1
13.23,1
13.24,1
13.25,1
13.26,1
13.27,1
13.28,1
13.29,1
13.3,1
13.31,1
13.32,1
13.33,1
13.34,1
13.35,1
13.36,1
13.37,1
13.38,1
13.39,1
13.4,1
13.41,1
13.42,1
13.43,1
13.44,1
13.45,1
13.46,1
13.47,1
13.48,1
13.49,1
13.5,1
13.51,1
13.52,1
13.53,1
13.54,1
13.55,1
13.56,1
13.57,1
13.58,1
13.59,1
13.6,1
13.61,1
13.62,1
13.63,1
13.64,1
13.65,1
13.66,1
13.67,1
13.68,1
13.69,1
13.7,1
13.71,1
13.72,1
13.73,1
13.74,1
13.75,1
13.76,1
13.77,1
13.78,1
13.79,1
13.8,1
13.81,1
13.82,1
13.83,1
13.84,1
13.85,1
13.86,1
13.87,1
13.88,1
13.89,1
13.9,1
13.91,1
13.92,1
13.93,1
13.94,1
13.95,1
13.96,1
13.97,1
13.98,1
13.99,1
14,1
14.01,1
14.02,1
14.03,1
14.04,1
14.05,1
14.06,1
14.07,1
14.08,1
14.09,1
14.1,1
14.11,1
14.12,1
14.13,1
14.14,1
14.15,1
14.16,1
14.17,1
14.18,1
14.19,1
14.2,1
14.21,1
14.22,1
14.23,1
14.24,1
14.25,1
14.26,1
14.27,1
14.28,1
14.29,1
14.3,1
14.31,1
14.32,1
14.33,1
14.34,1
14.35,1
14.36,1
14.37,1
14.38,1
14.39,1
14.4,1
14.41,1
14.42,1
14.43,1
14.44,1
14.45,1
14.46,1
14.47,1
14.48,1
14.49,1
14.5,1
14.51,1
14.52,1
14.53,1
14.54,1
14.55,1
14.56,1
14.57,1
14.58,1
14.59,1
14.6,1
14.61,1
14.62,1
14.63,1
14.64,1
14.65,1
14.66,1
14.67,1
14.68,1
14.69,1
14.7,1
14.71,1
14.72,1
14.73,1
14.74,1
14.75,1
14.76,1
14.77,1
14.78,1
14.79,1
14.8,1
14.81,1
14.82,1
14.83,1
14.84,1
14.85,1
14.86,1
14.87,1
14.88,1
14.89,1
14.9,1
14.91,1
14.92,1
14.93,1
14.94,1
14.95,1
14.96,1
14.97,1
14.98,1
14.99,1
15,1
15.01,1
15.02,1
15.03,1
15.04,1
15.05,1
15.06,1
15.07,1
15.08,1
15.09,1
15.1,1
15.11,1
15.12,1
15.13,1
15.14,1
15.15,1
15.16,1
15.17,1
15.18,1
15.19,1
15.2,1
15.21,1
15.22,1
15.23,1
15.24,1
15.25,1
15.26,1
15.27,1
15.28,1
15.29,1
15.3,1
15.31,1
15.32,1
15.33,1
15.34,1
15.35,1
15.36,1
15.37,1
15.38,1
15.39,1
15.4,1
15.41,1
15.42,1
15.43,1
15.44,1
15.45,1
15.46,1
15.47,1
15.48,1
15.49,1
15.5,1
15.51,1
15.52,1
15.53,1
15.54,1
15.55,1
15.56,1
15.57,1
15.58,1
15.59,1
15.6,1
15.61,1
15.62,1
15.63,1
15.64,1
15.65,1
15.66,1
15.67,1
15.68,1
15.69,1
15.7,1
15.71,1
15.72,1
15.73,1
15.74,1
15.75,1
15.76,1
15.77,1
15.78,1
15.79,1
15.8,1
15.81,1
15.82,1
15.83,1
15.84,1
15.85,1
15.86,1
15.87,1
15.88,1
15.89,1
15.9,1
15.91,1
15.92,1
15.93,1
15.94,1
15.95,1
15.96,1
15.97,1
15.98,1
15.99,1
16,1
16.01,1
16.02,1
16.03,1
16.04,1
16.05,1
16.06,1
16.07,1
16.08,1
16.09,1
16.1,1
16.11,1
16.12,1
16.13,1
16.14,1
16.15,1
16.16,1
16.17,1
16.18,1
16.19,1
16.2,1
16.21,1
16.22,1
16.23,1
16.24,1
16.25,1
16.26,1
16.27,1
16.28,1
16.29,1
16.3,1
16.31,1
16.32,1
16.33,1
16.34,1
16.35,1
16.36,1
16.37,1
16.38,1
16.39,1
16.4,1
16.41,1
16.42,1
16.43,1
16.44,1
16.45,1
16.46,1
16.47,1
16.48,1
16.49,1
16.5,1
16.51,1
16.52,1
16.53,1
16.54,1
16.55,1
16.56,1
16.57,1
16.58,1
16.59,1
16.6,1
16.61,1
16.62,1
16.63,1
16.64,1
16.65,1
16.66,1
16.67,1
16.68,1
16.69,1
16.7,1
16.71,1
16.72,1
16.73,1
16.74,1
16.75,1
16.76,1
16.77,1
16.78,1
16.79,1
16.8,1
16.81,1
16.82,1
16.83,1
16.84,1
16.85,1
16.86,1
16.87,1
16.88,1
16.89,1
16.9,1
16.91,1
16.92,1
16.93,1
16.94,1
16.95,1
16.96,1
16.97,1
16.98,1
16.99,1
17,1
17.01,1
17.02,1
17.03,1
17.04,1
17.05,1
17.06,1
17.07,1
17.08,1
17.09,1
17.1,1
17.11,1
17.12,1
17.13,1
17.14,1
17.15,1
17.16,1
17.17,1
17.18,1
17.19,1
17.2,1
17.21,1
17.22,1
17.23,1
17.24,1
17.25,1
17.26,1
17.27,1
17.28,1
17.29,1
17.3,1
17.31,1
17.32,1
17.33,1
17.34,1
17.35,1
17.36,1
17.37,1
17.38,1
17.39,1
17.4,1
17.41,1
17.42,1
17.43,1
17.44,1
17.45,1
17.46,1
17.47,1
17.48,1
17.49,1
17.5,1
17.51,1
17.52,1
17.53,1
17.54,1
17.55,1
17.56,1
17.57,1
17.58,1
17.59,1
17.6,1
17.61,1
17.62,1
17.63,1
17.64,1
17.65,1
17.66,1
17.67,1
17.68,1
17.69,1
17.7,1
17.71,1
17.72,1
17.73,1
17.74,1
17.75,1
17.76,1
17.77,1
17.78,1
17.79,1
17.8,1
17.81,1
17.82,1
17.83,1
17.84,1
17.85,1
17.86,1
17.87,1
17.88,1
17.89,1
17.9,1
17.91,1
17.92,1
17.93,1
17.94,1
17.95,1
17.96,1
17.97,1
17.98,1
17.99,1
18,1
18.01,1
18.02,1
18.03,1
18.04,1
18.05,1
18.06,1
18.07,1
18.08,1
18.09,1
18.1,1
18.11,1
18.12,1
18.13,1
18.14,1
18.15,1
18.16,1
18.17,1
18.18,1
18.19,1
18.2,1
18.21,1
18.22,1
18.23,1
18.24,1
18.25,1
18.26,1
18.27,1
18.28,1
18.29,1
18.3,1
18.31,1
18.32,1
18.33,1
18.34,1
18.35,1
18.36,1
18.37,1
18.38,1
18.39,1
18.4,1
18.41,1
18.42,1
18.43,1
18.44,1
18.45,1
18.46,1
18.47,1
18.48,1
18.49,1
18.5,1
18.51,1
18.52,1
18.53,1
18.54,1
18.55,1
18.56,1
18.57,1
18.58,1
18.59,1
18.6,1
18.61,1
18.62,1
18.63,1
18.64,1
18.65,1
18.66,1
18.67,1
18.68,1
18.69,1
18.7,1
18.71,1
18.72,1
18.73,1
18.74,1
18.75,1
18.76,1
18.77,1
18.78,1
18.79,1
18.8,1
18.81,1
18.82,1
18.83,1
18.84,1
18.85,1
18.86,1
18.87,1
18.88,1
18.89,1
18.9,1
18.91,1
18.92,1
18.93,1
18.94,1
18.95,1
18.96,1
18.97,1
18.98,1
18.99,1
19,1
19.01,1
19.02,1
19.03,1
19.04,1
19.05,1
19.06,1
19.07,1
19.08,1
19.09,1
19.1,1
19.11,1
19.12,1
19.13,1
19.14,1
19.15,1
19.16,1
19.17,1
19.18,1
19.19,1
19.2,1
19.21,1
19.22,1
19.23,1
19.24,1
19.25,1
19.26,1
19.27,1
19.28,1
19.29,1
19.3,1
19.31,1
19.32,1
19.33,1
19.34,1
19.35,1
19.36,1
19.37,1
19.38,1
19.39,1
19.4,1
19.41,1
19.42,1
19.43,1
19.44,1
19.45,1
19.46,1
19.47,1
19.48,1
19.49,1
19.5,1
19.51,1
19.52,1
19.53,1
19.54,1
19.55,1
19.56,1
19.57,1
19.58,1
19.59,1
19.6,1
19.61,1
19.62,1
19.63,1
19.64,1
19.65,1
19.66,1
19.67,1
19.68,1
19.69,1
19.7,1
19.71,1
19.72,1
19.73,1
19.74,1
19.75,1
19.76,1
19.77,1
19.78,1
19.79,1
19.8,1
19.81,1
19.82,1
19.83,1
19.84,1
19.85,1
19.86,1
19.87,1
19.88,1
19.89,1
19.9,1
19.91,1
19.92,1
19.93,1
19.94,1
19.95,1
19.96,1
19.97,1
19.98,1
19.99,1
20,1
20.01,1
20.02,0
20.03,0
20.04,0
20.05,0
20.06,0
20.07,0
20.08,0
20.09,0
20.1,0
20.11,0
20.12,0
20.13,0
20.14,0
20.15,0
20.16,0
20.17,0
20.18,0
20.19,0
20.2,0
20.21,0
20.22,0
20.23,0
20.24,0
20.25,0
20.26,0
20.27,0
20.28,0
20.29,0
20.3,0
20.31,0
20.32,0
20.33,0
20.34,0
20.35,0
20.36,0
20.37,0
20.38,0
20.39,0
20.4,0
20.41,0
20.42,0
20.43,0
20.44,0
20.45,0
20.46,0
20.47,0
20.48,0
20.49,0
20.5,0
20.51,0
20.52,0
20.53,0
20.54,0
20.55,0
20.56,0
20.57,0
20.58,0
20.59,0
20.6,0
20.61,0
20.62,0
20.63,0
20.64,0
20.65,0
20.66,0
20.67,0
20.68,0
20.69,0
20.7,0
20.71,0
20.72,0
20.73,0
20.74,0
20.75,0
20.76,0
20.77,0
20.78,0
20.79,0
20.8,0
20.81,0
20.82,0
20.83,0
20.84,0
20.85,0
20.86,0
20.87,0
20.88,0
20.89,0
20.9,0
20.91,0
20.92,0
20.93,0
20.94,0
20.95,0
20.96,0
20.97,0
20.98,0
20.99,0
21,0
21.01,0
21.02,0
21.03,0
21.04,0
21.05,0
21.06,0
21.07,0
21.08,0
21.09,0
21.1,0
21.11,0
21.12,0
21.13,0
21.14,0
21.15,0
21.16,0
21.17,0
21.18,0
21.19,0
21.2,0
21.21,0
21.22,0
21.23,0
21.24,0
21.25,0
21.26,0
21.27,0
21.28,0
21.29,0
21.3,0
21.31,0
21.32,0
21.33,0
21.34,0
21.35,0
21.36,0
21.37,0
21.38,0
21.39,0
21.4,0
21.41,0
21.42,0
21.43,0
21.44,0
21.45,0
21.46,0
21.47,0
21.48,0
21.49,0
21.5,0
21.51,0
21.52,0
21.53,0
21.54,0
21.55,0
21.56,0
21.57,0
21.58,0
21.59,0
21.6,0
21.61,0
21.62,0
21.63,0
21.64,0
21.65,0
21.66,0
21.67,0
21.68,0
21.69,0
21.7,0
21.71,0
21.72,0
21.73,0
21.74,0
21.75,0
21.76,0
21.77,0
21.78,0
21.79,0
21.8,0
21.81,0
21.82,0
21.83,0
21.84,0
21.85,0
21.86,0
21.87,0
21.88,0
21.89,0
21.9,0
21.91,0
21.92,0
21.93,0
21.94,0
21.95,0
21.96,0
21.97,0
21.98,0
21.99,0
22,0
22.01,0
22.02,0
22.03,0
22.04,0
22.05,0
22.06,0
22.07,0
22.08,0
22.09,0
22.1,0
22.11,0
22.12,0
22.13,0
22.14,0
22.15,0
22.16,0
22.17,0
22.18,0
22.19,0
22.2,0
22.21,0
22.22,0
22.23,0
22.24,0
22.25,0
22.26,0
22.27,0
22.28,0
22.29,0
22.3,0
22.31,0
22.32,0
22.33,0
22.34,0
22.35,0
22.36,0
22.37,0
22.38,0
22.39,0
22.4,0
22.41,0
22.42,0
22.43,0
22.44,0
22.45,0
22.46,0
22.47,0
22.48,0
22.49,0
22.5,0
22.51,0
22.52,0
22.53,0
22.54,0
22.55,0
22.56,0
22.57,0
22.58,0
22.59,0
22.6,0
22.61,0
22.62,0
22.63,0
22.64,0
22.65,0
22.66,0
22.67,0
22.68,0
22.69,0
22.7,0
22.71,0
22.72,0
22.73,0
22.74,0
22.75,0
22.76,0
22.77,0
22.78,0
22.79,0
22.8,0
22.81,0
22.82,0
22.83,0
22.84,0
22.85,0
22.86,0
22.87,0
22.88,0
22.89,0
22.9,0
22.91,0
22.92,0
22.93,0
22.94,0
22.95,0
22.96,0
22.97,0
22.98,0
22.99,0
23,0
23.01,0
23.02,0
23.03,0
23.04,0
23.05,0
23.06,0
23.07,0
23.08,0
23.09,0
23.1,0
23.11,0
23.12,0
23.13,0
23.14,0
23.15,0
23.16,0
23.17,0
23.18,0
23.19,0
23.2,0
23.21,0
23.22,0
23.23,0
23.24,0
23.25,0
23.26,0
23.27,0
23.28,0
23.29,0
23.3,0
23.31,0
23.32,0
23.33,0
23.34,0
23.35,0
23.36,0
23.37,0
23.38,0
23.39,0
23.4,0
23.41,0
23.42,0
23.43,0
23.44,0
23.45,0
23.46,0
23.47,0
23.48,0
23.49,0
23.5,0
23.51,0
23.52,0
23.53,0
23.54,0
23.55,0
23.56,0
23.57,0
23.58,0
23.59,0
23.6,0
23.61,0
23.62,0
23.63,0
23.64,0
23.65,0
23.66,0
23.67,0
23.68,0
23.69,0
23.7,0
23.71,0
23.72,0
23.73,0
23.74,0
23.75,0
23.76,0
23.77,0
23.78,0
23.79,0
23.8,0
23.81,0
23.82,0
23.83,0
23.84,0
23.85,0
23.86,0
23.87,0
23.88,0
23.89,0
23.9,0
23.91,0
23.92,0
23.93,0
23.94,0
23.95,0
23.96,0
23.97,0
23.98,0
23.99,0
24,0
24.01,0
24.02,0
24.03,0
24.04,0
24.05,0
24.06,0
24.07,0
24.08,0
24.09,0
24.1,0
24.11,0
24.12,0
24.13,0
24.14,0
24.15,0
24.16,0
24.17,0
24.18,0
24.19,0
24.2,0
24.21,0
24.22,0
24.23,0
24.24,0
24.25,0
24.26,0
24.27,0
24.28,0
24.29,0
24.3,0
24.31,0
24.32,0
24.33,0
24.34,0
24.35,0
24.36,0
24.37,0
24.38,0
24.39,0
24.4,0
24.41,0
24.42,0
24.43,0
24.44,0
24.45,0
24.46,0
24.47,0
24.48,0
24.49,0
24.5,0
24.51,0
24.52,0
24.53,0
24.54,0
24.55,0
24.56,0
24.57,0
24.58,0
24.59,0
24.6,0
24.61,0
24.62,0
24.63,0
24.64,0
24.65,0
24.66,0
24.67,0
24.68,0
24.69,0
24.7,0
24.71,0
24.72,0
24.73,0
24.74,0
24.75,0
24.76,0
24.77,0
24.78,0
24.79,0
24.8,0
24.81,0
24.82,0
24.83,0
24.84,0
24.85,0
24.86,0
24.87,0
24.88,0
24.89,0
24.9,0
24.91,0
24.92,0
24.93,0
24.94,0
24.95,0
24.96,0
24.97,0
24.98,0
24.99,0
25,0
25.01,0
25.02,0
25.03,0
25.04,0
25.05,0
25.06,0
25.07,0
25.08,0
25.09,0
25.1,0
25.11,0
25.12,0
25.13,0
25.14,0
25.15,0
25.16,0
25.17,0
25.18,0
25.19,0
25.2,0
25.21,0
25.22,0
25.23,0
25.24,0
25.25,0
25.26,0
25.27,0
25.28,0
25.29,0
25.3,0
25.31,0
25.32,0
25.33,0
25.34,0
25.35,0
25.36,0
25.37,0
25.38,0
25.39,0
25.4,0
25.41,0
25.42,0
25.43,0
25.44,0
25.45,0
25.46,0
25.47,0
25.48,0
25.49,0
25.5,0
25.51,0
25.52,0
25.53,0
25.54,0
25.55,0
25.56,0
25.57,0
25.58,0
25.59,0
25.6,0
25.61,0
25.62,0
25.63,0
25.64,0
25.65,0
25.66,0
25.67,0
25.68,0
25.69,0
25.7,0
25.71,0
25.72,0
25.73,0
25.74,0
25.75,0
25.76,0
25.77,0
25.78,0
25.79,0
25.8,0
25.81,0
25.82,0
25.83,0
25.84,0
25.85,0
25.86,0
25.87,0
25.88,0
25.89,0
25.9,0
25.91,0
25.92,0
25.93,0
25.94,0
25.95,0
25.96,0
25.97,0
25.98,0
25.99,0
26,0
26.01,0
26.02,0
26.03,0
26.04,0
26.05,0
26.06,0
26.07,0
26.08,0
26.09,0
26.1,0
26.11,0
26.12,0
26.13,0
26.14,0
26.15,0
26.16,0
26.17,0
26.18,0
26.19,0
26.2,0
26.21,0
26.22,0
26.23,0
26.24,0
26.25,0
26.26,0
26.27,0
26.28,0
26.29,0
26.3,0
26.31,0
26.32,0
26.33,0
26.34,0
26.35,0
26.36,0
26.37,0
26.38,0
26.39,0
26.4,0
26.41,0
26.42,0
26.43,0
26.44,0
26.45,0
26.46,0
26.47,0
26.48,0
26.49,0
26.5,0
26.51,0
26.52,0
26.53,0
26.54,0
26.55,0
26.56,0
26.57,0
26.58,0
26.59,0
26.6,0
26.61,0
26.62,0
26.63,0
26.64,0
26.65,0
26.66,0
26.67,0
26.68,0
26.69,0
26.7,0
26.71,0
26.72,0
26.73,0
26.74,0
26.75,0
26.76,0
26.77,0
26.78,0
26.79,0
26.8,0
26.81,0
26.82,0
26.83,0
26.84,0
26.85,0
26.86,0
26.87,0
26.88,0
26.89,0
26.9,0
26.91,0
26.92,0
26.93,0
26.94,0
26.95,0
26.96,0
26.97,0
26.98,0
26.99,0
27,0
27.01,0
27.02,0
27.03,0
27.04,0
27.05,0
27.06,0
27.07,0
27.08,0
27.09,0
27.1,0
27.11,0
27.12,0
27.13,0
27.14,0
27.15,0
27.16,0
27.17,0
27.18,0
27.19,0
27.2,0
27.21,0
27.22,0
27.23,0
27.24,0
27.25,0
27.26,0
27.27,0
27.28,0
27.29,0
27.3,0
27.31,0
27.32,0
27.33,0
27.34,0
27.35,0
27.36,0
27.37,0
27.38,0
27.39,0
27.4,0
27.41,0
27.42,0
27.43,0
27.44,0
27.45,0
27.46,0
27.47,0
27.48,0
27.49,0
27.5,0
27.51,0
27.52,0
27.53,0
27.54,0
27.55,0
27.56,0
27.57,0
27.58,0
27.59,0
27.6,0
27.61,0
27.62,0
27.63,0
27.64,0
27.65,0
27.66,0
27.67,0
27.68,0
27.69,0
27.7,0
27.71,0
27.72,0
27.73,0
27.74,0
27.75,0
27.76,0
27.77,0
27.78,0
27.79,0
27.8,0
27.81,0
27.82,0
27.83,0
27.84,0
27.85,0
27.86,0
27.87,0
27.88,0
27.89,0
27.9,0
27.91,0
27.92,0
27.93,0
27.94,0
27.95,0
27.96,0
27.97,0
27.98,0
27.99,0
28,0
28.01,0
28.02,0
28.03,0
28.04,0
28.05,0
28.06,0
28.07,0
28.08,0
28.09,0
28.1,0
28.11,0
28.12,0
28.13,0
28.14,0
28.15,0
28.16,0
28.17,0
28.18,0
28.19,0
28.2,0
28.21,0
28.22,0
28.23,0
28.24,0
28.25,0
28.26,0
28.27,0
28.28,0
28.29,0
28.3,0
28.31,0
28.32,0
28.33,0
28.34,0
28.35,0
28.36,0
28.37,0
28.38,0
28.39,0
28.4,0
28.41,0
28.42,0
28.43,0
28.44,0
28.45,0
28.46,0
28.47,0
28.48,0
28.49,0
28.5,0
28.51,0
28.52,0
28.53,0
28.54,0
28.55,0
28.56,0
28.57,0
28.58,0
28.59,0
28.6,0
28.61,0
28.62,0
28.63,0
28.64,0
28.65,0
28.66,0
28.67,0
28.68,0
28.69,0
28.7,0
28.71,0
28.72,0
28.73,0
28.74,0
28.75,0
28.76,0
28.77,0
28.78,0
28.79,0
28.8,0
28.81,0
28.82,0
28.83,0
28.84,0
28.85,0
28.86,0
28.87,0
28.88,0
28.89,0
28.9,0
28.91,0
28.92,0
28.93,0
28.94,0
28.95,0
28.96,0
28.97,0
28.98,0
28.99,0
29,0
29.01,0
29.02,0
29.03,0
29.04,0
29.05,0
29.06,0
29.07,0
29.08,0
29.09,0
29.1,0
29.11,0
29.12,0
29.13,0
29.14,0
29.15,0
29.16,0
29.17,0
29.18,0
29.19,0
29.2,0
29.21,0
29.22,0
29.23,0
29.24,0
29.25,0
29.26,0
29.27,0
29.28,0
29.29,0
29.3,0
29.31,0
29.32,0
29.33,0
29.34,0
29.35,0
29.36,0
29.37,0
29.38,0
29.39,0
29.4,0
29.41,0
29.42,0
29.43,0
29.44,0
29.45,0
29.46,0
29.47,0
29.48,0
29.49,0
29.5,0
29.51,0
29.52,0
29.53,0
29.54,0
29.55,0
29.56,0
29.57,0
29.58,0
29.59,0
29.6,0
29.61,0
29.62,0
29.63,0
29.64,0
29.65,0
29.66,0
29.67,0
29.68,0
29.69,0
29.7,0
29.71,0
29.72,0
29.73,0
29.74,0
29.75,0
29.76,0
29.77,0
29.78,0
29.79,0
29.8,0
29.81,0
29.82,0
29.83,0
29.84,0
29.85,0
29.86,0
29.87,0
29.88,0
29.89,0
29.9,0
29.91,0
29.92,0
29.93,0
29.94,0
29.95,0
29.96,0
29.97,0
29.98,0
29.99,0
30,0
30.01,0
30.02,0
30.03,0
30.04,0
30.05,0
30.06,0
30.07,0
30.08,0
30.09,0
30.1,0
30.11,0
30.12,0
30.13,0
30.14,0
30.15,0
30.16,0
30.17,0
30.18,0
30.19,0
30.2,0
30.21,0
30.22,0
30.23,0
30.24,0
30.25,0
30.26,0
30.27,0
30.28,0
30.29,0
30.3,0
30.31,0
30.32,0
30.33,0
30.34,0
30.35,0
30.36,0
30.37,0
30.38,0
30.39,0
30.4,0
30.41,0
30.42,0
30.43,0
30.44,0
30.45,0
30.46,0
30.47,0
30.48,0
30.49,0
30.5,0
30.51,0
30.52,0
30.53,0
30.54,0
30.55,0
30.56,0
30.57,0
30.58,0
30.59,0
30.6,0
30.61,0
30.62,0
30.63,0
30.64,0
30.65,0
30.66,0
30.67,0
30.68,0
30.69,0
30.7,0
30.71,0
30.72,0
30.73,0
30.74,0
30.75,0
30.76,0
30.77,0
30.78,0
30.79,0
30.8,0
30.81,0
30.82,0
30.83,0
30.84,0
30.85,0
30.86,0
30.87,0
30.88,0
30.89,0
30.9,0
30.91,0
30.92,0
30.93,0
30.94,0
30.95,0
30.96,0
30.97,0
30.98,0
30.99,0
31,0
31.01,0
31.02,0
31.03,0
31.04,0
31.05,0
31.06,0
31.07,0
31.08,0
31.09,0
31.1,0
31.11,0
31.12,0
31.13,0
31.14,0
31.15,0
31.16,0
31.17,0
31.18,0
31.19,0
31.2,0
31.21,0
31.22,0
31.23,0
31.24,0
31.25,0
31.26,0
31.27,0
31.28,0
31.29,0
31.3,0
31.31,0
31.32,0
31.33,0
31.34,0
31.35,0
31.36,0
31.37,0
31.38,0
31.39,0
31.4,0
31.41,0
31.42,0
31.43,0
31.44,0
31.45,0
31.46,0
31.47,0
31.48,0
31.49,0
31.5,0
31.51,0
31.52,0
31.53,0
31.54,0
31.55,0
31.56,0
31.57,0
31.58,0
31.59,0
31.6,0
31.61,0
31.62,0
31.63,0
31.64,0
31.65,0
31.66,0
31.67,0
31.68,0
31.69,0
31.7,0
31.71,0
31.72,0
31.73,0
31.74,0
31.75,0
31.76,0
31.77,0
31.78,0
31.79,0
31.8,0
31.81,0
31.82,0
31.83,0
31.84,0
31.85,0
31.86,0
31.87,0
31.88,0
31.89,0
31.9,0
31.91,0
31.92,0
31.93,0
31.94,0
31.95,0
31.96,0
31.97,0
31.98,0
31.99,0
32,0
32.01,0
32.02,0
32.03,0
32.04,0
32.05,0
32.06,0
32.07,0
32.08,0
32.09,0
32.1,0
32.11,0
32.12,0
32.13,0
32.14,0
32.15,0
32.16,0
32.17,0
32.18,0
32.19,0
32.2,0
32.21,0
32.22,0
32.23,0
32.24,0
32.25,0
32.26,0
32.27,0
32.28,0
32.29,0
32.3,0
32.31,0
32.32,0
32.33,0
32.34,0
32.35,0
32.36,0
32.37,0
32.38,0
32.39,0
32.4,0
32.41,0
32.42,0
32.43,0
32.44,0
32.45,0
32.46,0
32.47,0
32.48,0
32.49,0
32.5,0
32.51,0
32.52,0
32.53,0
32.54,0
32.55,0
32.56,0
32.57,0
32.58,0
32.59,0
32.6,0
32.61,0
32.62,0
32.63,0
32.64,0
32.65,0
32.66,0
32.67,0
32.68,0
32.69,0
32.7,0
32.71,0
32.72,0
32.73,0
32.74,0
32.75,0
32.76,0
32.77,0
32.78,0
32.79,0
32.8,0
32.81,0
32.82,0
32.83,0
32.84,0
32.85,0
32.86,0
32.87,0
32.88,0
32.89,0
32.9,0
32.91,0
32.92,0
32.93,0
32.94,0
32.95,0
32.96,0
32.97,0
32.98,0
32.99,0
33,0
33.01,0
33.02,0
33.03,0
33.04,0
33.05,0
33.06,0
33.07,0
33.08,0
33.09,0
33.1,0
33.11,0
33.12,0
33.13,0
33.14,0
33.15,0
33.16,0
33.17,0
33.18,0
33.19,0
33.2,0
33.21,0
33.22,0
33.23,0
33.24,0
33.25,0
33.26,0
33.27,0
33.28,0
33.29,0
33.3,0
33.31,0
33.32,0
33.33,0
33.34,0
33.35,0
33.36,0
33.37,0
33.38,0
33.39,0
33.4,0
33.41,0
33.42,0
33.43,0
33.44,0
33.45,0
33.46,0
33.47,0
33.48,0
33.49,0
33.5,0
33.51,0
33.52,0
33.53,0
33.54,0
33.55,0
33.56,0
33.57,0
33.58,0
33.59,0
33.6,0
33.61,0
33.62,0
33.63,0
33.64,0
33.65,0
33.66,0
33.67,0
33.68,0
33.69,0
33.7,0
33.71,0
33.72,0
33.73,0
33.74,0
33.75,0
33.76,0
33.77,0
33.78,0
33.79,0
33.8,0
33.81,0
33.82,0
33.83,0
33.84,0
33.85,0
33.86,0
33.87,0
33.88,0
33.89,0
33.9,0
33.91,0
33.92,0
33.93,0
33.94,0
33.95,0
33.96,0
33.97,0
33.98,0
33.99,0
34,0
34.01,0
34.02,0
34.03,0
34.04,0
34.05,0
34.06,0
34.07,0
34.08,0
34.09,0
34.1,0
34.11,0
34.12,0
34.13,0
34.14,0
34.15,0
34.16,0
34.17,0
34.18,0
34.19,0
34.2,0
34.21,0
34.22,0
34.23,0
34.24,0
34.25,0
34.26,0
34.27,0
34.28,0
34.29,0
34.3,0
34.31,0
34.32,0
34.33,0
34.34,0
34.35,0
34.36,0
34.37,0
34.38,0
34.39,0
34.4,0
34.41,0
34.42,0
34.43,0
34.44,0
34.45,0
34.46,0
34.47,0
34.48,0
34.49,0
34.5,0
34.51,0
34.52,0
34.53,0
34.54,0
34.55,0
34.56,0
34.57,0
34.58,0
34.59,0
34.6,0
34.61,0
34.62,0
34.63,0
34.64,0
34.65,0
34.66,0
34.67,0
34.68,0
34.69,0
34.7,0
34.71,0
34.72,0
34.73,0
34.74,0
34.75,0
34.76,0
34.77,0
34.78,0
34.79,0
34.8,0
34.81,0
34.82,0
34.83,0
34.84,0
34.85,0
34.86,0
34.87,0
34.88,0
34.89,0
34.9,0
34.91,0
34.92,0
34.93,0
34.94,0
34.95,0
34.96,0
34.97,0
34.98,0
34.99,0
35,0
35.01,0
35.02,0
35.03,0
35.04,0
35.05,0
35.06,0
35.07,0
35.08,0
35.09,0
35.1,0
35.11,0
35.12,0
35.13,0
35.14,0
35.15,0
35.16,0
35.17,0
35.18,0
35.19,0
35.2,0
35.21,0
35.22,0
35.23,0
35.24,0
35.25,0
35.26,0
35.27,0
35.28,0
35.29,0
35.3,0
35.31,0
35.32,0
35.33,0
35.34,0
35.35,0
35.36,0
35.37,0
35.38,0
35.39,0
35.4,0
35.41,0
35.42,0
35.43,0
35.44,0
35.45,0
35.46,0
35.47,0
35.48,0
35.49,0
35.5,0
35.51,0
35.52,0
35.53,0
35.54,0
35.55,0
35.56,0
35.57,0
35.58,0
35.59,0
35.6,0
35.61,0
35.62,0
35.63,0
35.64,0
35.65,0
35.66,0
35.67,0
35.68,0
35.69,0
35.7,0
35.71,0
35.72,0
35.73,0
35.74,0
35.75,0
35.76,0
35.77,0
35.78,0
35.79,0
35.8,0
35.81,0
35.82,0
35.83,0
35.84,0
35.85,0
35.86,0
35.87,0
35.88,0
35.89,0
35.9,0
35.91,0
35.92,0
35.93,0
35.94,0
35.95,0
35.96,0
35.97,0
35.98,0
35.99,0
36,0
36.01,0
36.02,0
36.03,0
36.04,0
36.05,0
36.06,0
36.07,0
36.08,0
36.09,0
36.1,0
36.11,0
36.12,0
36.13,0
36.14,0
36.15,0
36.16,0
36.17,0
36.18,0
36.19,0
36.2,0
36.21,0
36.22,0
36.23,0
36.24,0
36.25,0
36.26,0
36.27,0
36.28,0
36.29,0
36.3,0
36.31,0
36.32,0
36.33,0
36.34,0
36.35,0
36.36,0
36.37,0
36.38,0
36.39,0
36.4,0
36.41,0
36.42,0
36.43,0
36.44,0
36.45,0
36.46,0
36.47,0
36.48,0
36.49,0
36.5,0
36.51,0
36.52,0
36.53,0
36.54,0
36.55,0
36.56,0
36.57,0
36.58,0
36.59,0
36.6,0
36.61,0
36.62,0
36.63,0
36.64,0
36.65,0
36.66,0
36.67,0
36.68,0
36.69,0
36.7,0
36.71,0
36.72,0
36.73,0
36.74,0
36.75,0
36.76,0
36.77,0
36.78,0
36.79,0
36.8,0
36.81,0
36.82,0
36.83,0
36.84,0
36.85,0
36.86,0
36.87,0
36.88,0
36.89,0
36.9,0
36.91,0
36.92,0
36.93,0
36.94,0
36.95,0
36.96,0
36.97,0
36.98,0
36.99,0
37,0
37.01,0
37.02,0
37.03,0
37.04,0
37.05,0
37.06,0
37.07,0
37.08,0
37.09,0
37.1,0
37.11,0
37.12,0
37.13,0
37.14,0
37.15,0
37.16,0
37.17,0
37.18,0
37.19,0
37.2,0
37.21,0
37.22,0
37.23,0
37.24,0
37.25,0
37.26,0
37.27,0
37.28,0
37.29,0
37.3,0
37.31,0
37.32,0
37.33,0
37.34,0
37.35,0
37.36,0
37.37,0
37.38,0
37.39,0
37.4,0
37.41,0
37.42,0
37.43,0
37.44,0
37.45,0
37.46,0
37.47,0
37.48,0
37.49,0
37.5,0
37.51,0
37.52,0
37.53,0
37.54,0
37.55,0
37.56,0
37.57,0
37.58,0
37.59,0
37.6,0
37.61,0
37.62,0
37.63,0
37.64,0
37.65,0
37.66,0
37.67,0
37.68,0
37.69,0
37.7,0
37.71,0
37.72,0
37.73,0
37.74,0
37.75,0
37.76,0
37.77,0
37.78,0
37.79,0
37.8,0
37.81,0
37.82,0
37.83,0
37.84,0
37.85,0
37.86,0
37.87,0
37.88,0
37.89,0
37.9,0
37.91,0
37.92,0
37.93,0
37.94,0
37.95,0
37.96,0
37.97,0
37.98,0
37.99,0
38,0
38.01,0
38.02,0
38.03,0
38.04,0
38.05,0
38.06,0
38.07,0
38.08,0
38.09,0
38.1,0
38.11,0
38.12,0
38.13,0
38.14,0
38.15,0
38.16,0
38.17,0
38.18,0
38.19,0
38.2,0
38.21,0
38.22,0
38.23,0
38.24,0
38.25,0
38.26,0
38.27,0
38.28,0
38.29,0
38.3,0
38.31,0
38.32,0
38.33,0
38.34,0
38.35,0
38.36,0
38.37,0
38.38,0
38.39,0
38.4,0
38.41,0
38.42,0
38.43,0
38.44,0
38.45,0
38.46,0
38.47,0
38.48,0
38.49,0
38.5,0
38.51,0
38.52,0
38.53,0
38.54,0
38.55,0
38.56,0
38.57,0
38.58,0
38.59,0
38.6,0
38.61,0
38.62,0
38.63,0
38.64,0
38.65,0
38.66,0
38.67,0
38.68,0
38.69,0
38.7,0
38.71,0
38.72,0
38.73,0
38.74,0
38.75,0
38.76,0
38.77,0
38.78,0
38.79,0
38.8,0
38.81,0
38.82,0
38.83,0
38.84,0
38.85,0
38.86,0
38.87,0
38.88,0
38.89,0
38.9,0
38.91,0
38.92,0
38.93,0
38.94,0
38.95,0
38.96,0
38.97,0
38.98,0
38.99,0
39,0
39.01,0
39.02,0
39.03,0
39.04,0
39.05,0
39.06,0
39.07,0
39.08,0
39.09,0
39.1,0
39.11,0
39.12,0
39.13,0
39.14,0
39.15,0
39.16,0
39.17,0
39.18,0
39.19,0
39.2,0
39.21,0
39.22,0
39.23,0
39.24,0
39.25,0
39.26,0
39.27,0
39.28,0
39.29,0
39.3,0
39.31,0
39.32,0
39.33,0
39.34,0
39.35,0
39.36,0
39.37,0
39.38,0
39.39,0
39.4,0
39.41,0
39.42,0
39.43,0
39.44,0
39.45,0
39.46,0
39.47,0
39.48,0
39.49,0
39.5,0
39.51,0
39.52,0
39.53,0
39.54,0
39.55,0
39.56,0
39.57,0
39.58,0
39.59,0
39.6,0
39.61,0
39.62,0
39.63,0
39.64,0
39.65,0
39.66,0
39.67,0
39.68,0
39.69,0
39.7,0
39.71,0
39.72,0
39.73,0
39.74,0
39.75,0
39.76,0
39.77,0
39.78,0
39.79,0
39.8,0
39.81,0
39.82,0
39.83,0
39.84,0
39.85,0
39.86,0
39.87,0
39.88,0
39.89,0
39.9,0
39.91,0
39.92,0
39.93,0
39.94,0
39.95,0
39.96,0
39.97,0
39.98,0
39.99,0
40,0
